<?xml version="1.0" ?>
<!DOCTYPE bulletml SYSTEM "http://www.asahi-net.or.jp/~cs8k-cyu/bulletml/bulletml.dtd">

<bulletml type="vertical"
          xmlns="http://www.asahi-net.or.jp/~cs8k-cyu/bulletml">

<action label="topmove">
<changeSpeed>
 <speed>0.3</speed>
 <term>1</term>
</changeSpeed>
</action>

<action label="topshot">
 <repeat> <times>3</times>
  <action> 
   <fire>
    <direction type="absolute">90</direction>
    <bulletRef label="twseed"/>
   </fire>
   <fire>
    <direction type="absolute">270</direction>
    <bulletRef label="twseed"/>
   </fire>
   <wait>56</wait>
  </action>
 </repeat>
</action>

<bullet label="twseed">
 <speed>5</speed>
 <action>
  <wait>2</wait>
  <fire>
   <bulletRef label="twseed2">
    <param>10</param>
   </bulletRef>
  </fire>
  <fire>
   <bulletRef label="twseed2">
    <param>-10</param>
   </bulletRef>
  </fire>
  <vanish/>
 </action>
</bullet>

<bullet label="twseed2">
 <speed>0</speed>
 <action>
  <fire>
   <direction>$1</direction>
   <bulletRef label="nrm"/>
  </fire>
  <repeat> <times>1+$rank*7</times>
  <action>
   <wait>3</wait>
   <fire>
    <direction type="sequence">0</direction>
    <bulletRef label="nrm"/>
   </fire>
  </action>
  </repeat>
  <vanish/>
 </action>
</bullet>


<bullet label="nrm">
 <speed>0.8</speed>
</bullet>

</bulletml>
