<?xml version="1.0" ?>
<!DOCTYPE bulletml SYSTEM "http://www.asahi-net.or.jp/~cs8k-cyu/bulletml/bulletml.dtd">

<bulletml type="vertical"
          xmlns="http://www.asahi-net.or.jp/~cs8k-cyu/bulletml">

<action label="topmove">
<changeSpeed>
 <speed>0.1</speed>
 <term>1</term>
</changeSpeed>
<changeDirection>
 <direction type="absolute">120+$rand*120</direction>
 <term>1</term>
</changeDirection>
</action>

<action label="topshot">
 <repeat> <times>3</times>
  <action> 
   <fire>
    <direction type="absolute">90</direction>
    <bulletRef label="acseed">
     <param>-30</param>
    </bulletRef>
   </fire>
   <fire>
    <direction type="absolute">270</direction>
    <bulletRef label="acseed">
     <param>30</param>
    </bulletRef>
   </fire>
   <wait>128</wait>
  </action>
 </repeat>
</action>

<bullet label="acseed">
 <speed>4</speed>
 <action>
  <wait>2</wait>
  <fire>
   <bulletRef label="acseed2">
    <param>180</param>
   </bulletRef>
  </fire>
  <fire>
   <bulletRef label="acseed2">
    <param>180+$1</param>
   </bulletRef>
  </fire>
  <fire>
   <bulletRef label="acseed2">
    <param>180+$1*2</param>
   </bulletRef>
  </fire>
  <vanish/>
 </action>
</bullet>

<bullet label="acseed2">
 <action>
  <fire>
   <direction type="absolute">$1</direction>
   <bullet>
    <speed>0.5</speed>
   </bullet>
  </fire>
  <repeat> <times>1+$rank*8</times>
  <action>
   <fire>
    <direction type="sequence">0</direction>
    <speed type="sequence">0.1</speed>
    <bullet/>
   </fire>
  </action>
  </repeat>
  <vanish/>
 </action>
</bullet>

</bulletml>
