<?xml version="1.0" ?>
<!DOCTYPE bulletml SYSTEM "http://www.asahi-net.or.jp/~cs8k-cyu/bulletml/bulletml.dtd">

<bulletml type="vertical"
          xmlns="http://www.asahi-net.or.jp/~cs8k-cyu/bulletml">

<action label="topmove">
<changeSpeed>
 <speed>0.2</speed>
 <term>1</term>
</changeSpeed>
</action>

<action label="topshot">
 <repeat> <times>2</times>
  <action> 
   <fire>
    <direction type="absolute">90</direction>
    <bulletRef label="rnseed"/>
   </fire>
   <fire>
    <direction type="absolute">270</direction>
    <bulletRef label="rnseed"/>
   </fire>
   <wait>128</wait>
  </action>
 </repeat>
</action>

<bullet label="rnseed">
 <speed>6</speed>
 <action>
  <wait>2</wait>
  <fire>
   <bulletRef label="rnseed2"/>
  </fire>
  <vanish/>
 </action>
</bullet>

<bullet label="rnseed2">
 <speed>0</speed>
 <action>
  <fire>
   <bulletRef label="nrm"/>
  </fire>
  <repeat> <times>1+$rank*7</times>
  <action>
   <repeat> <times>6</times>
   <action>
    <fire>
     <direction type="sequence">60</direction>
     <bulletRef label="nrm"/>
    </fire>
   </action>
   </repeat>
   <wait>12</wait>
  </action>
  </repeat>
 <vanish/>
 </action>
</bullet>

<bullet label="nrm">
 <speed>0.8</speed>
</bullet>

</bulletml>
