<?xml version="1.0" ?>
<!DOCTYPE bulletml SYSTEM "http://www.asahi-net.or.jp/~cs8k-cyu/bulletml/bulletml.dtd">

<bulletml type="vertical"
          xmlns="http://www.asahi-net.or.jp/~cs8k-cyu/bulletml">

<action label="topmove">
<changeSpeed>
 <speed>0.3</speed>
 <term>1</term>
</changeSpeed>
</action>

<action label="topshot">
 <repeat> <times>3+$rank*12</times>
 <action>
  <fireRef label="up"/>
  <wait>10-$rank*8</wait>
  <fireRef label="right"/>
  <wait>10-$rank*8</wait>
  <fireRef label="down"/>
  <wait>10-$rank*8</wait>
  <fireRef label="left"/>
  <wait>10-$rank*8</wait>
 </action>
 </repeat>
</action>

<fire label="up">
 <direction type="absolute">$rand*360</direction>
 <speed>0.3+$rand*0.8</speed>
 <bullet>
  <action>
   <changeSpeed>
    <speed>0</speed>
    <term>10+$rand*40</term>
   </changeSpeed>
   <accel>
    <vertical>-0.6</vertical>
    <term>10+$rand*40</term>
   </accel>
  </action>
 </bullet>
</fire>

<fire label="down">
 <direction type="absolute">$rand*360</direction>
 <speed>0.3+$rand*0.8</speed>
 <bullet>
  <action>
   <changeSpeed>
    <speed>0</speed>
    <term>10+$rand*40</term>
   </changeSpeed>
   <accel>
    <vertical>0.6</vertical>
    <term>10+$rand*40</term>
   </accel>
  </action>
 </bullet>
</fire>

<fire label="right">
 <direction type="absolute">$rand*360</direction>
 <speed>0.3+$rand*0.8</speed>
 <bullet>
  <action>
   <changeSpeed>
    <speed>0</speed>
    <term>10+$rand*40</term>
   </changeSpeed>
   <accel>
    <horizontal>0.6</horizontal>
    <term>10+$rand*40</term>
   </accel>
  </action>
 </bullet>
</fire>

<fire label="left">
 <direction type="absolute">$rand*360</direction>
 <speed>0.3+$rand*0.8</speed>
 <bullet>
  <action>
   <changeSpeed>
    <speed>0</speed>
    <term>10+$rand*40</term>
   </changeSpeed>
   <accel>
    <horizontal>-0.6</horizontal>
    <term>10+$rand*40</term>
   </accel>
  </action>
 </bullet>
</fire>

</bulletml>
