<?xml version="1.0" ?>
<!DOCTYPE bulletml SYSTEM "http://www.asahi-net.or.jp/~cs8k-cyu/bulletml/bulletml.dtd">

<bulletml type="vertical"
          xmlns="http://www.asahi-net.or.jp/~cs8k-cyu/bulletml">

<action label="topmove">
<changeSpeed>
 <speed>0.2</speed>
 <term>1</term>
</changeSpeed>
<changeDirection>
 <direction type="absolute">120-$rand*240</direction>
 <term>1</term>
</changeDirection>
</action>

<action label="topshot">
 <repeat> <times>99</times>
 <action>
  <fire>
   <direction type="sequence">-32</direction>
   <bulletRef label="nrm"/>
  </fire>
  <repeat> <times>3</times>
  <action>
   <fire>
    <direction type="sequence">20</direction>
    <bulletRef label="nrm"/>
   </fire>
  </action>
  </repeat>
  <wait>30-$rank*26</wait>
 </action>
 </repeat>
</action>

<bullet label="nrm">
 <speed>0.6</speed>
</bullet>

</bulletml>
