<?xml version="1.0" ?>
<!DOCTYPE bulletml SYSTEM "http://www.asahi-net.or.jp/~cs8k-cyu/bulletml/bulletml.dtd">

<bulletml type="vertical"
          xmlns="http://www.asahi-net.or.jp/~cs8k-cyu/bulletml">

<action label="topmove">
<changeSpeed>
 <speed>0.2</speed>
 <term>1</term>
</changeSpeed>
<changeDirection>
 <direction type="absolute">120+$rand*120</direction>
 <term>1</term>
</changeDirection>
</action>

<action label="topshot1">
 <fire>
  <bulletRef label="acseed"/>
 </fire>
 <repeat> <times>1+$rank*6</times>
  <action> 
   <wait>16</wait>
   <fire>
    <direction type="sequence">-20+$rank*10</direction>
    <bulletRef label="acseed"/>
   </fire>
  </action>
 </repeat>
</action>

<action label="topshot2">
 <fire>
  <bulletRef label="acseed"/>
 </fire>
 <repeat> <times>1+$rank*6</times>
  <action> 
   <wait>16</wait>
   <fire>
    <direction type="sequence">20-$rank*10</direction>
    <bulletRef label="acseed"/>
   </fire>
  </action>
 </repeat>
</action>

<bullet label="acseed">
 <action>
  <fire>
   <direction type="relative">0</direction>
   <bullet>
    <speed>0.6</speed>
   </bullet>
  </fire>
  <repeat> <times>2+$rank*2</times>
  <action>
   <fire>
    <direction type="sequence">0</direction>
    <speed type="sequence">0.2</speed>
    <bullet/>
   </fire>
  </action>
  </repeat>
  <vanish/>
 </action>
</bullet>

</bulletml>
