<?xml version="1.0" ?>
<!DOCTYPE bulletml SYSTEM "http://www.asahi-net.or.jp/~cs8k-cyu/bulletml/bulletml.dtd">

<bulletml type="vertical"
          xmlns="http://www.asahi-net.or.jp/~cs8k-cyu/bulletml">

<action label="topmove">
<changeSpeed>
 <speed>0.3</speed>
 <term>1</term>
</changeSpeed>
</action>

<action label="topshot">
  <fire>
   <direction>15-$rand*30</direction>
   <speed>0.4</speed>
   <bullet/>
  </fire>
  <repeat> <times>8+$rank*32</times>
  <action>
   <fire>
    <direction>15-$rand*30</direction>
    <speed type="sequence">0.05</speed>
    <bullet/>
   </fire>
   <wait>3</wait>
  </action>
  </repeat>
  <wait>72</wait>
</action>

</bulletml>
