<?xml version="1.0" ?>
<!DOCTYPE bulletml SYSTEM "http://www.asahi-net.or.jp/~cs8k-cyu/bulletml/bulletml.dtd">

<bulletml type="vertical"
          xmlns="http://www.asahi-net.or.jp/~cs8k-cyu/bulletml">

<action label="topmove">
<changeSpeed>
 <speed>0.2</speed>
 <term>1</term>
</changeSpeed>
<changeDirection>
 <direction type="absolute">60-$rand*120</direction>
 <term>1</term>
</changeDirection>
</action>

<action label="topshot">
 <actionRef label="mnway">
  <param>3+$rank*9</param>
  <param>80/(3+$rank*9)</param>
  <param>80/(-3-$rank*9)</param>
 </actionRef>
</action>

<action label="mnway">
 <repeat> <times>99</times>
 <action>
  <fire>
   <direction>0</direction>
   <bulletRef label="nrm"/>
  </fire>
  <repeat> <times>$1</times>
  <action>
   <fire>
    <direction type="sequence">$2</direction>
    <bulletRef label="nrm"/>
   </fire>
  </action>
  </repeat>
  <fire>
   <direction>0</direction>
   <bulletRef label="nrm"/>
  </fire>
  <repeat> <times>$1</times>
  <action>
   <fire>
    <direction type="sequence">$3</direction>
    <bulletRef label="nrm"/>
   </fire>
  </action>
  </repeat>
  <wait>36</wait>
 </action>
 </repeat>
</action>

<bullet label="nrm">
 <speed>0.6</speed>
</bullet>

</bulletml>
