<?xml version="1.0" ?>
<!DOCTYPE bulletml SYSTEM "http://www.asahi-net.or.jp/~cs8k-cyu/bulletml/bulletml.dtd">

<bulletml type="vertical"
          xmlns="http://www.asahi-net.or.jp/~cs8k-cyu/bulletml">

<action label="topmove">
 <changeSpeed>
  <speed>0.3</speed>
  <term>1</term>
 </changeSpeed>
 <changeDirection>
  <direction type="absolute">$rand*360</direction>
  <term>10</term>
 </changeDirection>
</action>

<action label="topshot">
 <repeat> <times>16</times>
 <action>
  <fire>
   <direction type="sequence">112</direction>
   <bulletRef label="seed"/>
  </fire>
  <wait>8</wait>
 </action>
 </repeat>
</action>

<bullet label="seed">
<action>
 <fire>
  <direction type="relative">0</direction>
  <bulletRef label="nrm"/>
 </fire>
 <repeat> <times>1+$rank*5</times>
 <action>
  <fire>
   <direction type="sequence">5</direction>
   <bulletRef label="nrm"/>
  </fire>
 </action>
 </repeat>
 <vanish/>
</action>
</bullet>

<bullet label="nrm">
 <speed>0.8</speed>
</bullet>

</bulletml>
