<?xml version="1.0" ?>
<!DOCTYPE bulletml SYSTEM "http://www.asahi-net.or.jp/~cs8k-cyu/bulletml/bulletml.dtd">

<bulletml type="vertical"
          xmlns="http://www.asahi-net.or.jp/~cs8k-cyu/bulletml">

<action label="topmove">
<changeSpeed>
 <speed>-0.2</speed>
 <term>1</term>
</changeSpeed>
</action>

<action label="top">
 <fire>
  <direction type="aim">-30</direction>
  <speed type="absolute">0.5</speed>
  <bullet/>
 </fire>
 <repeat> <times>2</times>
 <action>
  <fire>
   <direction type="sequence">30</direction>
   <speed type="sequence">0</speed>
   <bullet/>
  </fire>
 </action>
 </repeat>
 <wait>4</wait>
 <repeat> <times>1+$rank*9</times>
  <action>
  <fire>
   <direction type="aim">-30</direction>
   <speed type="sequence">0.2</speed>
   <bullet/>
  </fire>
  <repeat> <times>2</times>
  <action>
   <fire>
    <direction type="sequence">30</direction>
    <speed type="sequence">0</speed>
    <bullet/>
   </fire>
  </action>
  </repeat>
  <wait>4</wait>
 </action>
 </repeat>
</action>

</bulletml>
