<?xml version="1.0" ?>
<!DOCTYPE bulletml SYSTEM "http://www.asahi-net.or.jp/~cs8k-cyu/bulletml/bulletml.dtd">

<bulletml type="vertical"
          xmlns="http://www.asahi-net.or.jp/~cs8k-cyu/bulletml">

<action label="topmove">
<changeSpeed>
 <speed>-0.3</speed>
 <term>1</term>
</changeSpeed>
</action>

<action label="topshot">
 <wait>2</wait>
 <changeSpeed>
  <speed>0</speed>
  <term>50</term>
 </changeSpeed>
 <wait>45</wait>
 <fire>
  <bulletRef label="round">
   <param>1.1</param>
   <param>0</param>
  </bulletRef>
 </fire>
 <fire>
  <bulletRef label="round">
   <param>0.9</param>
   <param>7</param>
  </bulletRef>
 </fire>
 <fire>
  <bulletRef label="round">
   <param>0.7</param>
   <param>14</param>
  </bulletRef>
 </fire>
 <changeSpeed>
  <speed>-0.3</speed>
  <term>1</term>
 </changeSpeed>
</action>
 
<bullet label="round">
<speed>0</speed>
<action>
 <fire>
  <direction type="absolute">$2</direction>
  <speed>$1</speed>
  <bullet/>
 </fire>
 <repeat> <times>4+$rank*20</times>
 <action>
  <fire>
   <direction type="sequence">360/(5+$rank*20)</direction>
   <speed>$1</speed>
   <bullet/>
  </fire>
 </action>
 </repeat>
 <vanish/>
</action>
</bullet>

</bulletml>
