<?xml version="1.0" ?>
<!DOCTYPE bulletml SYSTEM "http://www.asahi-net.or.jp/~cs8k-cyu/bulletml/bulletml.dtd">

<bulletml type="vertical"
          xmlns="http://www.asahi-net.or.jp/~cs8k-cyu/bulletml">

<action label="topmove">
	<changeSpeed>
		<speed>0.3</speed>
		<term>1</term>
	</changeSpeed>
</action>

<action label="topshot">
	<repeat><times>3</times>
	<action>
		<fire>
			<direction type="absolute">90</direction>
			<bulletRef label="roundseed">
				<param>1</param>
			</bulletRef>
		</fire>
		<fire>
			<direction type="absolute">270</direction>
			<bulletRef label="roundseed">
				<param>-1</param>
			</bulletRef>
		</fire>
		<fire>
			<bulletRef label="5way">
				<param>0.5</param>
			</bulletRef>
		</fire>
		<fire>
			<bulletRef label="5way">
				<param>0.5+$rank*0.2</param>
			</bulletRef>
		</fire>
		<fire>
			<bulletRef label="5way">
				<param>0.5+$rank*0.4</param>
			</bulletRef>
		</fire>
		<wait>80</wait>
	</action>
	</repeat>
</action>

<bullet label="roundseed">
	<speed>4</speed>
	<action>
		<wait>2</wait>
		<changeSpeed>
			<speed>0</speed>
			<term>1</term>
		</changeSpeed>
		<fire>
			<direction type="absolute">90</direction>
			<bulletRef label="nrm"/>
		</fire>
		<fire>
			<direction type="absolute">270</direction>
			<bulletRef label="nrm"/>
		</fire>
		<repeat><times>6+6*$rank</times>
		<action>
			<wait>4</wait>
			<fire>
				<direction type="sequence">(30-$rank*15)*$1</direction>
				<bulletRef label="nrm"/>
			</fire>
			<fire>
				<direction type="sequence">180</direction>
				<bulletRef label="nrm"/>
			</fire>
		</action>
		</repeat>
		<vanish/>
	</action>
</bullet>

<bullet label="5way">
	<action>
		<fire>
			<direction type="aim">-48</direction>
			<speed>$1</speed>
			<bullet/>
		</fire>
		<repeat><times>4</times>
		<action>
			<fire>
				<direction type="sequence">24</direction>
				<speed>$1</speed>
				<bullet/>
			</fire>
		</action>		
		</repeat>
		<vanish/>
	</action>
</bullet>

<bullet label="nrm">
	<speed>0.6</speed>
</bullet>

</bulletml>
