<?xml version="1.0" ?>
<!DOCTYPE bulletml SYSTEM "http://www.asahi-net.or.jp/~cs8k-cyu/bulletml/bulletml.dtd">

<bulletml type="vertical"
          xmlns="http://www.asahi-net.or.jp/~cs8k-cyu/bulletml">

<action label="top">
 <changeSpeed>
  <speed>0.4</speed>
  <term>1</term>
 </changeSpeed>
 <repeat> <times>10</times>
 <action>
  <repeat> <times>1+$rank*4</times>
  <action>
   <fire>
    <speed>0.9</speed>
    <bullet/>
   </fire>
   <fire>
    <direction type="sequence">$rand*20-10</direction>
    <speed>0.7+$rand*0.4</speed>
    <bullet/>
   </fire>
   <wait>7</wait>
  </action>
  </repeat>
  <wait>70-7-$rank*28</wait>
 </action>
 </repeat>
</action>

</bulletml>
