<?xml version="1.0" ?>
<!DOCTYPE bulletml SYSTEM "http://www.asahi-net.or.jp/~cs8k-cyu/bulletml/bulletml.dtd">

<bulletml type="vertical"
          xmlns="http://www.asahi-net.or.jp/~cs8k-cyu/bulletml">

<action label="topmove">
	<changeDirection>
		<direction type="aim">100+$rand*160</direction>
		<term>20</term>
	</changeDirection>
	<changeSpeed>
		<speed>0.3</speed>
		<term>1</term>
	</changeSpeed>
</action>

<action label="topshot">
	<repeat><times>99</times>
	<action>
		<wait>3+$rank*5</wait>
		<fire>
			<direction type="sequence">20</direction>
			<bulletRef label="aim"/>
		</fire>
	</action>
	</repeat>
</action>

<bullet label="aim">
	<speed>1.5</speed>
	<action>
		<changeSpeed>
			<speed>0.2</speed>
			<term>30</term>
		</changeSpeed>
		<wait>30</wait>
		<fire>
			<speed>0.2</speed>
			<bulletRef label="accel"/>
		</fire>
		<vanish/>
	</action>
</bullet>

<bullet label="accel">
	<action>
		<changeDirection>
			<direction>0</direction>
			<term>10</term>
		</changeDirection>
		<wait>6</wait>
		<changeSpeed>
			<speed>1</speed>
			<term>20</term>
		</changeSpeed>
	</action>
</bullet>

</bulletml>
