<?xml version="1.0" ?>
<!DOCTYPE bulletml SYSTEM "http://www.asahi-net.or.jp/~cs8k-cyu/bulletml/bulletml.dtd">

<bulletml type="vertical"
          xmlns="http://www.asahi-net.or.jp/~cs8k-cyu/bulletml">

<action label="topmove">
<changeSpeed>
 <speed>-0.1</speed>
 <term>1</term>
</changeSpeed>
</action>

<action label="top">
<fire>
 <direction type="relative">0</direction>
 <bulletRef label="round"/>
</fire>
<repeat> <times>99</times>
<action>
 <wait>20-$rank*8</wait>
 <fire>
  <direction type="sequence">90+2+8*$rank</direction>
  <bulletRef label="round"/>
 </fire>
 <repeat> <times>3</times>
 <action>
  <fire>
   <direction type="sequence">90</direction>
  <bulletRef label="round"/>
  </fire>
 </action>
 </repeat> 
</action>
</repeat>
</action>

<bullet label="round">
 <speed>0.9</speed>
</bullet>

</bulletml>
