<?xml version="1.0" ?>
<!DOCTYPE bulletml SYSTEM "http://www.asahi-net.or.jp/~cs8k-cyu/bulletml/bulletml.dtd">

<bulletml type="vertical"
          xmlns="http://www.asahi-net.or.jp/~cs8k-cyu/bulletml">

<action label="topmove">
<changeSpeed>
<speed>0.2</speed>
<term>1</term>
</changeSpeed>
<wait>32</wait>
<changeSpeed>
<speed>-0.5</speed>
<term>64</term>
</changeSpeed>
</action>

<action label="topshot">
<fire>
<direction>180</direction>
<bulletRef label="seed"/>
</fire>
</action>

<bullet label="seed">
<speed>1.2</speed>
<action>
<repeat>
<times>6+$rank*20</times>
<action>
<fire>
<direction>10-$rand*20</direction>
<speed>1+$rand*0.4</speed>
<bullet/>
</fire>
<wait>2</wait>
</action>
</repeat>
</action>
</bullet>

</bulletml>
