<?xml version="1.0" ?>
<!DOCTYPE bulletml SYSTEM "http://www.asahi-net.or.jp/~cs8k-cyu/bulletml/bulletml.dtd">

<bulletml type="vertical"
          xmlns="http://www.asahi-net.or.jp/~cs8k-cyu/bulletml">

<action label="topmove">
 <changeSpeed>
  <speed>0.3</speed>
  <term>1</term>
 </changeSpeed>
 <wait>32</wait>
 <changeSpeed>
  <speed>-0.2</speed>
  <term>64</term>
 </changeSpeed>
</action>

<action label="topshot">
 <fire>
  <direction type="absolute">120</direction>
  <bulletRef label="seed"/>
 </fire>
 <fire>
  <direction type="absolute">240</direction>
  <bulletRef label="seed"/>
 </fire>
</action>

<bullet label="seed">
 <speed>1</speed>
 <action>
  <changeSpeed>
   <speed>0.2</speed>
   <term>40</term>
  </changeSpeed>
  <wait>30</wait>
  <repeat> <times>7+$rank*30</times>
  <action>
   <fire>
    <bullet>
     <direction type="absolute">$rand*360</direction>
     <speed>0.3+$rand</speed>
    </bullet>
   </fire>
  </action>
  </repeat>
  <vanish/>
 </action>
</bullet>

</bulletml>
