<?xml version="1.0" ?>
<!DOCTYPE bulletml SYSTEM "http://www.asahi-net.or.jp/~cs8k-cyu/bulletml/bulletml.dtd">

<bulletml type="vertical"
          xmlns="http://www.asahi-net.or.jp/~cs8k-cyu/bulletml">

<action label="topmove">
<changeSpeed>
 <speed>0.2</speed>
 <term>1</term>
</changeSpeed>
</action>

<action label="topshot">
 <repeat> <times>3</times>
  <action> 
   <repeat> <times>4</times>
   <action>
   <fire>
    <direction type="absolute">90</direction>
    <bulletRef label="lasseed"/>
   </fire>
   <fire>
    <direction type="absolute">270</direction>
    <bulletRef label="lasseed"/>
   </fire>
   <wait>3</wait>
   </action>
   </repeat>
   <wait>56</wait>
  </action>
 </repeat>
</action>

<bullet label="lasseed">
 <speed>4.5</speed>
 <action>
  <repeat> <times>1+$rank*3</times>
  <action>
   <wait>2</wait>
   <fire>
    <direction type="absolute">180</direction>
    <speed>1.0</speed>
    <bullet/>
   </fire>
  </action>
  </repeat>
  <vanish/>
 </action>
</bullet>

</bulletml>
