<?xml version="1.0" ?>
<!DOCTYPE bulletml SYSTEM "http://www.asahi-net.or.jp/~cs8k-cyu/bulletml/bulletml.dtd">

<bulletml type="vertical"
          xmlns="http://www.asahi-net.or.jp/~cs8k-cyu/bulletml">

<action label="topmove">
 <actionRef label="curve">
  <param>$rand*1.0-0.5</param>
 </actionRef>
</action>

<action label="curve">
  <accel>
   <horizontal>$1</horizontal>
   <vertical>1.0</vertical>
   <term>20</term>
  </accel>
  <wait>40</wait>
  <accel>
   <vertical>-2.0</vertical>
   <term>50</term>
  </accel>
  <wait>10</wait>
  <accel>
   <horizontal>0-$1*2</horizontal>
   <term>60</term>
  </accel>
</action>

<action label="topshot">
 <repeat> <times>3</times>
 <action>
  <fire>
   <direction>7</direction>
   <bulletRef label="nrm"/>
  </fire>
  <repeat> <times>$rank*2</times>
  <action>
   <fire>
    <direction type="sequence">14</direction>
    <bulletRef label="nrm"/>
   </fire>
  </action>
  </repeat>
  <fire>
   <direction>-7</direction>
   <bulletRef label="nrm"/>
  </fire>
  <repeat> <times>$rank*2</times>
  <action>
   <fire>
    <direction type="sequence">-14</direction>
    <bulletRef label="nrm"/>
   </fire>
  </action>
  </repeat>
  <wait>80</wait>
 </action>
 </repeat>
</action>

<bullet label="nrm">
 <speed>0.7</speed>
</bullet>

</bulletml>
