<?xml version="1.0" ?>
<!DOCTYPE bulletml SYSTEM "http://www.asahi-net.or.jp/~cs8k-cyu/bulletml/bulletml.dtd">

<bulletml type="vertical"
          xmlns="http://www.asahi-net.or.jp/~cs8k-cyu/bulletml">

<action label="topmove">
 <changeSpeed>
  <speed>0.4+$rank*0.1</speed>
  <term>1</term>
 </changeSpeed>
 <wait>8</wait>
 <changeDirection>
  <direction>0</direction>
  <term>32</term>
 </changeDirection>
</action>

<action label="topshot">
 <repeat> <times>2+$rank*4</times>
 <action>
  <fire>
   <direction>-30</direction>
   <bulletRef label="nrm"/>
  </fire>
  <repeat> <times>2</times>
  <action>
   <fire>
    <direction type="sequence">30</direction>
    <bulletRef label="nrm"/>
   </fire>
  </action>
  </repeat>
 <wait>56-$rank*30</wait>
 </action>
 </repeat>
</action>

<bullet label="nrm">
 <speed>0.5+$rank*0.2</speed>
</bullet>

</bulletml>
