<?xml version="1.0" ?>
<!DOCTYPE bulletml SYSTEM "http://www.asahi-net.or.jp/~cs8k-cyu/bulletml/bulletml.dtd">

<bulletml type="vertical"
          xmlns="http://www.asahi-net.or.jp/~cs8k-cyu/bulletml">

<action label="topmove">
 <changeSpeed>
  <speed>0.5</speed>
  <term>1</term>
 </changeSpeed>
 <wait>32</wait>
 <changeSpeed>
  <speed>0</speed>
  <term>32</term>
 </changeSpeed>
 <wait>32</wait>
 <changeDirection>
  <direction>0</direction>
  <term>48</term>
 </changeDirection>
 <wait>32</wait>
 <changeSpeed>
  <speed>0.7</speed>
  <term>32</term>
 </changeSpeed>
</action>

<action label="topshot">
 <repeat> <times>3</times>
 <action>
  <fire>
   <direction>0</direction>
   <speed>0.5</speed>
   <bullet/>
  </fire>
  <repeat> <times>$rank*5+2</times>
  <action>
   <fire>
    <speed type="sequence">0.1</speed>
    <bullet/>
   </fire>
   <wait>4</wait>
  </action>
  </repeat>
  <wait>72</wait>
 </action>
 </repeat>
</action>

</bulletml>
