<?xml version="1.0" ?>
<!DOCTYPE bulletml SYSTEM "http://www.asahi-net.or.jp/~cs8k-cyu/bulletml/bulletml.dtd">

<bulletml type="vertical"
          xmlns="http://www.asahi-net.or.jp/~cs8k-cyu/bulletml">

<action label="topmove">
 <changeSpeed>
  <speed>0.6</speed>
  <term>1</term>
 </changeSpeed>
 <wait>60</wait>
 <changeDirection>
  <direction type="absolute">80-$rand*160</direction>
  <term>30</term>
 </changeDirection>
</action>

<action label="topshot">
 <repeat> <times>1+$rank*4</times>
 <action>
  <fire>
   <direction>-3</direction>
   <bulletRef label="nrm"/>
  </fire>
  <repeat> <times>6</times>
  <action>
   <fire>
    <direction type="sequence">1</direction>
    <bulletRef label="nrm"/>
   </fire>
  </action>
  </repeat>
  <wait>52-$rank*32</wait>
 </action>
 </repeat>
</action>

<bullet label="nrm">
 <speed>0.7</speed>
</bullet>

</bulletml>
