<?xml version="1.0" ?>
<!DOCTYPE bulletml SYSTEM "http://www.asahi-net.or.jp/~cs8k-cyu/bulletml/bulletml.dtd">

<bulletml type="vertical"
          xmlns="http://www.asahi-net.or.jp/~cs8k-cyu/bulletml">

<action label="topmove">
 <changeSpeed>
  <speed>0.5</speed>
  <term>1</term>
 </changeSpeed>
 <wait>8</wait>
 <accel>
  <horizontal>$rand*0.2-0.1</horizontal>
  <term>8</term>
 </accel>
</action>

<action label="topshot">
 <repeat> <times>3</times>
 <action>
  <fire>
   <bulletRef label="seed"/>
  </fire>
  <wait>80</wait>
 </action>
 </repeat>
</action>

<bullet label="seed">
<action>
 <fire>
  <bulletRef label="nrm"/>
 </fire>
 <repeat> <times>$rank*7</times>
 <action>
  <fire>
   <direction type="sequence">0</direction>
   <bulletRef label="nrm"/>
  </fire>
  <wait>7</wait>
 </action>
 </repeat>
 <vanish/>
</action>
</bullet>

<bullet label="nrm">
 <speed>0.6</speed>
</bullet>

</bulletml>
