<?xml version="1.0" ?>
<!DOCTYPE bulletml SYSTEM "http://www.asahi-net.or.jp/~cs8k-cyu/bulletml/bulletml.dtd">

<bulletml type="vertical"
          xmlns="http://www.asahi-net.or.jp/~cs8k-cyu/bulletml">

<action label="topmove">
 <changeSpeed>
  <speed>0.5</speed>
  <term>1</term>
 </changeSpeed>
 <changeDirection>
  <direction type="absolute">120-$rand*240</direction>
  <term>1</term>
 </changeDirection>
</action>

<action label="topshot">
 <repeat> <times>99</times>
 <action>
  <repeat> <times>2+$rank*6</times>
  <action>
   <fire>
    <direction>0</direction>
    <bulletRef label="nrm"/>
   </fire>
   <wait>4</wait>
  </action>
  </repeat>
  <wait>32-$rank*16</wait>
 </action>
 </repeat>
</action>

<bullet label="nrm">
 <speed>0.5</speed>
</bullet>

</bulletml>
