<?xml version="1.0" ?>
<!DOCTYPE bulletml SYSTEM "http://www.asahi-net.or.jp/~cs8k-cyu/bulletml/bulletml.dtd">

<bulletml type="vertical"
          xmlns="http://www.asahi-net.or.jp/~cs8k-cyu/bulletml">

<action label="topmove">
	<changeSpeed>
		<speed>1</speed>
		<term>60</term>
	</changeSpeed>	
	<changeDirection>
		<direction>0</direction>
		<term>120</term>
	</changeDirection>
</action>

<action label="topshot">
	<repeat><times>3+$rank*5</times>
	<action>
		<fire>
			<direction type="relative">0</direction>
			<bulletRef label="accel"/>
		</fire>
		<wait>12</wait>
	</action>
	</repeat>
</action>

<bullet label="accel">
	<speed>0.1</speed>
	<action>
		<wait>16</wait>
		<changeSpeed>
			<speed>1.1</speed>
			<term>60</term>
		</changeSpeed>
	</action>
</bullet>

</bulletml>
