<?xml version="1.0" ?>
<!DOCTYPE bulletml SYSTEM "http://www.asahi-net.or.jp/~cs8k-cyu/bulletml/bulletml.dtd">

<bulletml type="vertical"
          xmlns="http://www.asahi-net.or.jp/~cs8k-cyu/bulletml">

 <action label="top">
  <accel>
   <horizontal>$rand*1.0-0.5</horizontal>
   <vertical>1.5</vertical>
   <term>1</term>
  </accel>
  <wait>1</wait>
  <accel>
   <vertical>-3</vertical>
   <term>60</term>
  </accel>
  <repeat> <times>4+$rank*16</times>
  <action>
   <fire>
    <direction type="absolute">180</direction>
    <speed>0.6</speed>
    <bullet/>
   </fire>
   <wait>100/(4+$rank*16)</wait>
  </action>
  </repeat>
 </action>

</bulletml>
