<?xml version="1.0" ?>
<!DOCTYPE bulletml SYSTEM "http://www.asahi-net.or.jp/~cs8k-cyu/bulletml/bulletml.dtd">

<bulletml type="vertical"
          xmlns="http://www.asahi-net.or.jp/~cs8k-cyu/bulletml">

<action label="topmove">
 <changeSpeed>
  <speed>0.4</speed>
  <term>1</term>
 </changeSpeed>
 <wait>24</wait>
 <changeDirection>
  <direction>$rand*90-45</direction>
  <term>24</term>
 </changeDirection>
</action>

<action label="topshot">
 <repeat> <times>2+$rank*3</times>
 <action>
  <fire>
   <direction>0</direction>
   <bulletRef label="nrm"/>
  </fire>
  <actionRef label="spr">
   <param>$rand*20-10</param>
  </actionRef>
 <wait>52-$rank*30</wait>
 </action>
 </repeat>
</action>

<action label="spr">
 <repeat> <times>1+$rank*5</times>
 <action>
  <fire>
   <direction type="sequence">$1</direction>
   <bulletRef label="nrm"/>
  </fire>
 </action>
 </repeat>
</action>

<bullet label="nrm">
 <speed>0.7</speed>
</bullet>

</bulletml>
