<?xml version="1.0" ?>
<!DOCTYPE bulletml SYSTEM "http://www.asahi-net.or.jp/~cs8k-cyu/bulletml/bulletml.dtd">

<bulletml type="vertical"
          xmlns="http://www.asahi-net.or.jp/~cs8k-cyu/bulletml">

<action label="topmove">
 <changeSpeed>
  <speed>0.8</speed>
  <term>1</term>
 </changeSpeed>
 <wait>1</wait>
 <changeSpeed>
  <speed>0</speed>
  <term>60</term>
 </changeSpeed>
 <wait>180</wait>
 <vanish/>
</action>

<action label="topshot">
 <repeat> <times>3+$rank*10</times>
 <action>
  <fire>
   <bulletRef label="nrm"/>
  </fire>
  <wait>16</wait>
 </action>
 </repeat>
</action>

<bullet label="nrm">
 <speed>0.5</speed>
</bullet>

</bulletml>
