<?xml version="1.0" ?>
<!DOCTYPE bulletml SYSTEM "http://www.asahi-net.or.jp/~cs8k-cyu/bulletml/bulletml.dtd">

<bulletml type="vertical"
          xmlns="http://www.asahi-net.or.jp/~cs8k-cyu/bulletml">

<action label="topmove">
 <changeDirection>
  <direction type="absolute">120+$rand*120</direction>
  <term>1</term>
 </changeDirection>
 <changeSpeed>
  <speed>0.8</speed>
  <term>1</term>
 </changeSpeed>
 <wait>1</wait>
</action>

<action label="topshot">
 <repeat> <times>2</times>
 <action>
  <fire>
   <bulletRef label="seed"/>
  </fire>
  <wait>52</wait>
 </action>
 </repeat>
</action>

<bullet label="seed">
<speed>0</speed>
<action>
 <repeat> <times>1+$rank*4</times>
 <action>
  <fire>
   <direction type="relative">90</direction>
   <bulletRef label="curve">
    <param>-90</param>
   </bulletRef>
  </fire>
  <fire>
   <direction type="relative">-90</direction>
   <bulletRef label="curve">
    <param>90</param>
   </bulletRef>
  </fire>
  <wait>4</wait>
 </action>
 </repeat>
 <vanish/>
</action>
</bullet>

<bullet label="curve">
<speed>0.6</speed>
<action>
 <changeDirection>
  <direction type="relative">$1</direction>
  <term>10</term>
 </changeDirection>
 <wait>1</wait>
</action>
</bullet>

</bulletml>
