<?xml version="1.0" ?>
<!DOCTYPE bulletml SYSTEM "http://www.asahi-net.or.jp/~cs8k-cyu/bulletml/bulletml.dtd">

<bulletml type="vertical"
          xmlns="http://www.asahi-net.or.jp/~cs8k-cyu/bulletml">

<action label="top5">
 <repeat> <times>5+$rank*10</times>
 <action>
  <fire>
   <direction>-20</direction>
   <bulletRef label="nrm1"/>
  </fire>
  <repeat> <times>4</times>
  <action>
   <fire>
    <direction type="sequence">10</direction>
    <bulletRef label="nrm1"/>
   </fire>
  </action>
  </repeat>
  <wait>40-$rank*24</wait>
 </action>
 </repeat>
 <wait>60</wait>
 <vanish/>
</action>

<action label="top7">
 <wait>16-$rank*8</wait>
 <repeat> <times>5+$rank*10</times>
 <action>
  <fire>
   <direction>-24</direction>
   <bulletRef label="nrm2"/>
  </fire>
  <repeat> <times>6</times>
  <action>
   <fire>
    <direction type="sequence">8</direction>
    <bulletRef label="nrm2"/>
   </fire>
  </action>
  </repeat>
  <wait>40-$rank*24</wait>
 </action>
 </repeat>
</action>

<bullet label="nrm1">
 <speed>0.6</speed>
</bullet>

<bullet label="nrm2">
 <speed>0.9</speed>
</bullet>

</bulletml>
