<?xml version="1.0" ?>
<!DOCTYPE bulletml SYSTEM "http://www.asahi-net.or.jp/~cs8k-cyu/bulletml/bulletml.dtd">

<bulletml type="vertical"
          xmlns="http://www.asahi-net.or.jp/~cs8k-cyu/bulletml">

<action label="top">
 <repeat> <times>6+$rank*10</times>
 <action>
  <fire>
   <direction type="sequence">360/(6+$rank*10)</direction>
   <bulletRef label="16way"/>
  </fire>
  <wait>100/(6+$rank*10)</wait>
 </action>
 </repeat>
 <wait>60</wait>
 <vanish/>
</action>

<bullet label="16way">
<speed>$rand*0.5+0.5</speed>
<action>
 <wait>20+$rand*40</wait>
 <repeat> <times>16</times>
 <action>
  <fire>
   <direction type="sequence">22.5</direction>
   <bullet>
    <speed>0.6</speed>
   </bullet>
  </fire>
 </action>
 </repeat>
 <vanish/>
 </action>
</bullet>

</bulletml>
