<?xml version="1.0" ?>
<!DOCTYPE bulletml SYSTEM "http://www.asahi-net.or.jp/~cs8k-cyu/bulletml/bulletml.dtd">

<bulletml type="vertical"
          xmlns="http://www.asahi-net.or.jp/~cs8k-cyu/bulletml">

<action label="topl">
 <actionRef label="seed">
  <param>1</param>
 </actionRef>
 <wait>60</wait>
 <vanish/>
</action>

<action label="topr">
 <actionRef label="seed">
  <param>0-1</param>
 </actionRef>
</action>

<action label="seed">
 <fire>
  <direction>(24+$rank*24)*$1</direction>
  <bulletRef label="nrm"/>
 </fire>
 <repeat> <times>15</times>
 <action>
  <wait>4</wait>
  <fire>
   <direction type="sequence">(0-0.5-$rank*2.5)*$1</direction>
   <bulletRef label="nrm"/>
  </fire>
 </action>
 </repeat>
 <repeat> <times>15</times>
 <action>
  <wait>4</wait>
  <fire>
   <direction type="sequence">(0.5+$rank*2.5)*$1</direction>
   <bulletRef label="nrm"/>
  </fire>
 </action>
 </repeat>
</action>

<bullet label="nrm">
 <speed>1.5</speed>
</bullet>

</bulletml>
