<?xml version="1.0" ?>
<!DOCTYPE bulletml SYSTEM "http://www.asahi-net.or.jp/~cs8k-cyu/bulletml/bulletml.dtd">

<bulletml type="vertical"
          xmlns="http://www.asahi-net.or.jp/~cs8k-cyu/bulletml">

<action label="top">
 <repeat> <times>4+$rank*10</times>
 <action>
  <fire>
   <bulletRef label="bit"/>
  </fire>
 </action>
 </repeat>
 <wait>180</wait>
 <vanish/>
</action>

<bullet label="bit">
<speed>0</speed>
<action>
 <repeat> <times>4</times>
 <action>
  <changeDirection>
   <direction type="absolute">$rand*360</direction>
   <term>10</term>
  </changeDirection>
  <changeSpeed>
   <speed>2</speed>
   <term>20</term>
  </changeSpeed>
  <wait>20</wait>
  <changeSpeed>
   <speed>0</speed>
   <term>20</term>
  </changeSpeed>
  <wait>20</wait>
  <fire>
   <bulletRef label="seed"/>
  </fire>
  <wait>40</wait>
 </action>
 </repeat>
 <vanish/>
</action>
</bullet>

<bullet label="seed">
<speed>0</speed>
<action>
 <fire>
  <bulletRef label="nrm"/>
 </fire>
 <repeat> <times>5</times>
 <action>
  <wait>6</wait>  
  <fire>
   <direction type="sequence">0</direction>
   <bulletRef label="nrm"/>
  </fire>
 </action>
 </repeat>
 <vanish/>
</action>
</bullet>

<bullet label="nrm">
 <speed>0.7</speed>
</bullet>

</bulletml>
