<?xml version="1.0" ?>
<!DOCTYPE bulletml SYSTEM "http://www.asahi-net.or.jp/~cs8k-cyu/bulletml/bulletml.dtd">

<bulletml type="vertical"
          xmlns="http://www.asahi-net.or.jp/~cs8k-cyu/bulletml">

<action label="top">
	<fire>
		<bulletRef label="seed">
			<param>1</param>
		</bulletRef>
	</fire>
	<fire>
		<bulletRef label="seed">
			<param>-1</param>
		</bulletRef>
	</fire>
	<wait>210</wait>
	<vanish/>
</action>

<bullet label="seed">
	<speed>0</speed>
	<action>
		<fire>
			<direction type="absolute">90</direction>
			<bulletRef label="aim90"/>
		</fire>
		<fire>
			<direction type="absolute">270</direction>
			<bulletRef label="aim90"/>
		</fire>
		<repeat><times>15+10*$rank</times>
		<action>
			<wait>12-5*$rank</wait>
			<fire>
				<direction type="sequence">(12-$rank*4)*$1</direction>
				<bulletRef label="aim90"/>
			</fire>
			<fire>
				<direction type="sequence">180</direction>
				<bulletRef label="aim90"/>
			</fire>
		</action>
		</repeat>
		<vanish/>
	</action>
</bullet>

<bullet label="aim90">
	<speed>1.2</speed>
	<action>
		<changeSpeed>
			<speed>0.2</speed>
			<term>48</term>
		</changeSpeed>
		<wait>48</wait>
		<fire>
			<direction type="relative">90</direction>
			<bulletRef label="accel"/>
		</fire>
		<fire>
			<direction>0</direction>
			<bulletRef label="accel"/>
		</fire>
		<vanish/>
	</action>
</bullet>

<bullet label="accel">
	<speed>0.2</speed>
	<action>
		<changeSpeed>
			<speed>1</speed>
			<term>60</term>
		</changeSpeed>
	</action>
</bullet>


</bulletml>
