<?xml version="1.0" ?>
<!DOCTYPE bulletml SYSTEM "http://www.asahi-net.or.jp/~cs8k-cyu/bulletml/bulletml.dtd">

<bulletml type="vertical"
          xmlns="http://www.asahi-net.or.jp/~cs8k-cyu/bulletml">

<action label="top">
<repeat> <times>4</times>
<action>
 <repeat> <times>8+$rank*16</times>
 <action>
  <fire>
   <direction type="aim">$rand*6-3</direction>
   <speed>0.6+$rand*1.2</speed>
   <bullet/>
  </fire>
 </action>
 </repeat>
 <wait>100</wait>
</action>
</repeat>
<vanish/>
</action>

</bulletml>
