<?xml version="1.0" ?>
<!DOCTYPE bulletml SYSTEM "http://www.asahi-net.or.jp/~cs8k-cyu/bulletml/bulletml.dtd">

<bulletml type="vertical"
          xmlns="http://www.asahi-net.or.jp/~cs8k-cyu/bulletml">

<action label="top">
	<repeat><times>2+$rank*1.5</times>
	<action>
		<fire>
			<direction>90-$rand*180</direction>
			<bulletRef label="3way"/>
		</fire>
		<wait>56-$rank*20</wait>
	</action>
	</repeat>
	<wait>60</wait>
	<vanish/>
</action>

<bullet label="3way">
	<speed>0.5</speed>
	<action>
		<repeat><times>9+$rank*6</times>
		<action>
			<repeat><times>3</times>
			<action>
				<fire>
					<direction type="sequence">118</direction>
					<speed>0.7</speed>
					<bullet/>
				</fire>
			</action>
			</repeat>
			<wait>7-$rank*1.5</wait>
		</action>
		</repeat>
		<vanish/>
	</action>
</bullet>

</bulletml>
