<?xml version="1.0" ?>
<!DOCTYPE bulletml SYSTEM "http://www.asahi-net.or.jp/~cs8k-cyu/bulletml/bulletml.dtd">

<bulletml type="vertical"
          xmlns="http://www.asahi-net.or.jp/~cs8k-cyu/bulletml">

<action label="top3">
  <fire>
   <direction type="absolute">90</direction>
   <bulletRef label="rd_seed">
    <param>-5</param>
    <param>-5</param>
   </bulletRef>
  </fire>
  <fire>
   <direction type="absolute">270</direction>
   <bulletRef label="rd_seed">
    <param>5</param>
    <param>5</param>
   </bulletRef>
  </fire>
  <wait>240</wait>
 <vanish/>
</action>

<bullet label="rd_seed">
<speed>3</speed>
<action>
 <wait>2</wait>
 <fire>
  <speed>0</speed>
  <bulletRef label="rd_seed2"/>
 </fire>
 <fire>
  <speed>0</speed>
  <bulletRef label="bd_seed">
   <param>0</param>
   <param>$2</param>
  </bulletRef>
 </fire>
 <fire>
  <speed>0</speed>
  <bulletRef label="bd_seed">
   <param>$1</param>
   <param>$2</param>
  </bulletRef>
 </fire>
 <vanish/>
</action>
</bullet>

<bullet label="rd_seed2">
<action>
 <repeat> <times>5</times>
 <action>
  <repeat> <times>1+$rank*2</times>
  <action>
   <fire>
    <direction type="absolute">180</direction>
    <speed>1.2</speed>
    <bullet/>
   </fire>
   <wait>4</wait>
  </action>
  </repeat>
 <wait>12</wait>
 </action>
 </repeat>
 <vanish/>
</action>
</bullet>

<bullet label="bd_seed">
<action>
 <fire>
  <direction>$2</direction>
  <speed>0.6</speed>
  <bullet/>
 </fire>
 <repeat> <times>1+$rank*10</times>
 <action>
  <fire>
   <direction type="sequence">$1</direction>
   <speed type="sequence">0.2</speed>
   <bullet/>
  </fire>
  <wait>4</wait>
 </action>
 </repeat>
 <vanish/>
</action>
</bullet>

</bulletml>
