<?xml version="1.0" ?>
<!DOCTYPE bulletml SYSTEM "http://www.asahi-net.or.jp/~cs8k-cyu/bulletml/bulletml.dtd">

<bulletml type="vertical"
          xmlns="http://www.asahi-net.or.jp/~cs8k-cyu/bulletml">

<action label="top">
 <repeat> <times>30</times>
 <action>
  <fire>
   <direction type="sequence">180-10</direction>
   <bullet/>
  </fire>
  <fire>
   <direction type="sequence">180</direction>
   <bullet/>
  </fire>
  <wait>5</wait>
 </action>
 </repeat>
 <vanish/>
</action>

<action label="top2">
 <repeat> <times>3</times>
 <action>
  <fire>
   <bulletRef label="tw"/>
  </fire>
  <wait>60</wait>
 </action>
 </repeat>
</action>

<bullet label="tw">
 <action>
  <fire>
   <bullet>
    <direction>-5*($rank*8)/2</direction>
   </bullet>
  </fire>
  <repeat> <times>$rank*8+1</times>
  <action>
   <fire>
    <bullet>
     <direction type="sequence">5</direction>
    </bullet>
   </fire>
  </action>
  </repeat>
 <vanish/>
 </action>
</bullet>

</bulletml>
