<?xml version="1.0" ?>
<!DOCTYPE bulletml SYSTEM "http://www.asahi-net.or.jp/~cs8k-cyu/bulletml/bulletml.dtd">

<bulletml type="vertical"
          xmlns="http://www.asahi-net.or.jp/~cs8k-cyu/bulletml">

<action label="top">
<repeat> <times>3+$rank*12</times>
<action>
<fire>
 <direction>$rand*360</direction>
 <speed>5</speed>
 <bulletRef label="seed">
  <param>5+$rand*10</param>
 </bulletRef>
</fire>
<wait>50</wait>
</action>
</repeat>
<vanish/>
</action>

<bullet label="seed">
<action>
<changeSpeed>
 <speed>0</speed>
 <term>$1</term>
</changeSpeed>
<wait>$1</wait>
<fire>
 <direction type="aim">-20</direction>
 <bulletRef label="3way"/>
</fire>
<repeat> <times>2</times>
<action>
 <fire>
  <direction type="sequence">20</direction>
  <bulletRef label="3way"/>
 </fire>
</action>
</repeat>
<wait>1</wait>
<repeat> <times>2</times>
<action>
 <fire>
  <direction type="sequence">0</direction>
  <speed type="sequence">-0.1</speed>
  <bulletRef label="3way"/>
 </fire>
 <repeat> <times>2</times>
 <action>
  <fire>
   <direction type="sequence">-20</direction>
   <speed type="sequence">0</speed>
   <bulletRef label="3way"/>
  </fire>
 </action>
 </repeat>
 <wait>1</wait>
 <fire>
  <direction type="sequence">0</direction>
  <speed type="sequence">-0.1</speed>
  <bulletRef label="3way"/>
 </fire>
 <repeat> <times>2</times>
 <action>
  <fire>
   <direction type="sequence">20</direction>
   <speed type="sequence">0</speed>
   <bulletRef label="3way"/>
  </fire>
 </action>
 </repeat>
 <wait>1</wait>
</action>
</repeat>
<vanish/>
</action>
</bullet>

<bullet label="3way">
<speed>1.4</speed>
</bullet>

</bulletml>
