<?xml version="1.0" ?>
<!DOCTYPE bulletml SYSTEM "http://www.asahi-net.or.jp/~cs8k-cyu/bulletml/bulletml.dtd">

<bulletml type="vertical"
          xmlns="http://www.asahi-net.or.jp/~cs8k-cyu/bulletml">

<action label="top">
<repeat> <times>40+$rank*60</times>
<action>
 <fire>
  <direction type="absolute">130+$rand*100</direction>
  <bulletRef label="backBurst"/>
 </fire>
 <wait>300/(40+$rank*60)</wait>
</action>
</repeat>
<vanish/>
</action>

<bullet label="backBurst">
<speed>1.2</speed>
<action>
<changeSpeed>
 <speed>0</speed>
 <term>80</term>
</changeSpeed>
<wait>60+$rand*20</wait>
<repeat> <times>2</times>
<action>
 <fire>
 <direction type="absolute">-40+$rand*80</direction>
 <bulletRef label="downAccel"/>
 </fire>
</action>
</repeat>
<vanish/>
</action>
</bullet>

<bullet label="downAccel">
<speed>1.8</speed>
<action>
<accel>
 <vertical>7</vertical>
 <term>250</term>
</accel>
</action>
</bullet>

</bulletml>
