<?xml version="1.0" ?>
<!DOCTYPE bulletml SYSTEM "http://www.asahi-net.or.jp/~cs8k-cyu/bulletml/bulletml.dtd">

<bulletml type="vertical"
          xmlns="http://www.asahi-net.or.jp/~cs8k-cyu/bulletml">

<action label="top">
	<repeat><times>3+$rank*2.5</times>
	<action>
		<actionRef label="spr">
			<param>1</param>
		</actionRef>
		<wait>15-$rank*4</wait>
		<actionRef label="spr">
			<param>-1</param>
		</actionRef>
		<wait>15-$rank*4</wait>
	</action>
	</repeat>
	<wait>30</wait>
	<vanish/>
</action>

<action label="spr">
	<fire>
		<direction>(-10)*$1</direction>
		<speed>1.0+$rank*0.1</speed>
		<bullet/>
	</fire>
	<repeat><times>12</times>
	<action>
		<fire>
			<direction type="sequence">12*$1</direction>	
			<speed type="sequence">-0.06</speed>
			<bullet/>
		</fire>
	</action>
	</repeat>
</action>

</bulletml>
