<?xml version="1.0" ?>
<!DOCTYPE bulletml SYSTEM "http://www.asahi-net.or.jp/~cs8k-cyu/bulletml/bulletml.dtd">

<bulletml type="vertical"
          xmlns="http://www.asahi-net.or.jp/~cs8k-cyu/bulletml">

<action label="top">
	<repeat><times>1+$rank*2.5</times>
	<action>
		<fire>
			<bulletRef label="seed">
				<param>4</param>
			</bulletRef>
		</fire>
		<fire>
			<bulletRef label="seed">
				<param>-4</param>
			</bulletRef>
		</fire>
		<wait>50</wait>
		<fire>
			<bulletRef label="seed">
				<param>12</param>
			</bulletRef>
		</fire>
		<fire>
			<bulletRef label="seed">
				<param>-12</param>
			</bulletRef>
		</fire>
		<wait>50</wait>
	</action>
	</repeat>
	<wait>60</wait>
	<vanish/>
</action>

<bullet label="seed">
	<speed>1.5</speed>
	<action>
		<fire>
			<direction>$1</direction>
			<bulletRef label="nrm"/>
		</fire>
		<repeat><times>8+$rank*10</times>
		<action>
			<wait>2</wait>
			<fire>
				<direction type="sequence">$1</direction>
				<bulletRef label="nrm"/>
			</fire>
		</action>
		</repeat>
		<vanish/>
	</action>
</bullet>

<bullet label="nrm">
	<speed>0.8</speed>
</bullet>

</bulletml>
