<?xml version="1.0" ?>
<!DOCTYPE bulletml SYSTEM "http://www.asahi-net.or.jp/~cs8k-cyu/bulletml/bulletml.dtd">

<bulletml type="vertical"
          xmlns="http://www.asahi-net.or.jp/~cs8k-cyu/bulletml">

<action label="top">
<repeat> <times>5</times>
<action>
 <fire>
  <direction>$rand*360</direction>
  <bulletRef label="eye"/>
 </fire>
 <wait>30</wait>
</action>
</repeat>
<vanish/>
</action>

<bullet label="eye">
<speed>0</speed>
<action>
<changeSpeed>
 <speed>10</speed>
 <term>400</term>
</changeSpeed>
<changeDirection>
 <direction type="sequence">$rand*5-2</direction>
 <term>9999</term>
</changeDirection>
<repeat> <times>99</times>
<action>
 <fire>
  <direction type="relative">0</direction>
  <bulletRef label="shadow"/>
 </fire>
 <wait>16-$rank*13</wait>
</action>
</repeat>
</action>
</bullet>

<bullet label="shadow">
<speed>0</speed>
<action>
<wait>20</wait>
<fire>
 <direction type="relative">90</direction>
 <speed>0.6</speed>
 <bullet/>
</fire>
<fire>
 <direction type="relative">-90</direction>
 <speed>0.6</speed>
 <bullet/>
</fire>
<vanish/>
</action>
</bullet>

</bulletml>
