<?xml version="1.0" ?>
<!DOCTYPE bulletml SYSTEM "http://www.asahi-net.or.jp/~cs8k-cyu/bulletml/bulletml.dtd">

<bulletml type="vertical"
          xmlns="http://www.asahi-net.or.jp/~cs8k-cyu/bulletml">

<action label="top">
	<repeat><times>1+$rank*2.5</times>
	<action>
		<fire>
			<bulletRef label="7way">
				<param>0.5</param>
			</bulletRef>
		</fire>
		<fire>
			<bulletRef label="7way">
				<param>0.5+$rank*0.3</param>
			</bulletRef>
		</fire>
		<fire>
			<bulletRef label="7way">
				<param>0.5+$rank*0.6</param>
			</bulletRef>
		</fire>
		<fire>
			<bulletRef label="7way">
				<param>0.5+$rank*0.9</param>
			</bulletRef>
		</fire>
		<fire>
			<bulletRef label="6way">
				<param>0.5</param>
			</bulletRef>
		</fire>
		<fire>
			<bulletRef label="6way">
				<param>0.5+$rank*0.3</param>
			</bulletRef>
		</fire>
		<fire>
			<bulletRef label="6way">
				<param>0.5+$rank*0.6</param>
			</bulletRef>
		</fire>
		<fire>
			<bulletRef label="6way">
				<param>0.5+$rank*0.9</param>
			</bulletRef>
		</fire>
		<wait>80-$rank*20</wait>
	</action>
	</repeat>
	<wait>80</wait>
	<vanish/>
</action>

<bullet label="7way">
	<action>
		<fire>
			<direction type="aim">-60</direction>
			<speed>$1</speed>
			<bullet/>
		</fire>
		<repeat><times>6</times>
		<action>
			<fire>
				<direction type="sequence">20</direction>
				<speed>$1</speed>
				<bullet/>
			</fire>
		</action>		
		</repeat>
		<vanish/>
	</action>
</bullet>

<bullet label="6way">
	<action>
		<fire>
			<direction type="aim">-50</direction>
			<speed>$1</speed>
			<bulletRef label="aimaccel"/>
		</fire>
		<repeat><times>5</times>
		<action>
			<fire>
				<direction type="sequence">20</direction>
				<speed>$1</speed>
				<bulletRef label="aimaccel"/>
			</fire>
		</action>		
		</repeat>
		<vanish/>
	</action>
</bullet>

<bullet label="aimaccel">
	<action>
		<wait>40</wait>
		<changeSpeed>
			<speed>0.3</speed>
			<term>35</term>
		</changeSpeed>
		<wait>35</wait>
		<fire>
			<speed>0.3</speed>
			<bulletRef label="accel"/>
		</fire>
		<vanish/>
	</action>
</bullet>

<bullet label="accel">
	<action>
		<changeDirection>
			<direction>0</direction>
			<term>10</term>
		</changeDirection>
		<wait>6</wait>
		<changeSpeed>
			<speed>1.1</speed>
			<term>24</term>
		</changeSpeed>
	</action>
</bullet>

</bulletml>
