<?xml version="1.0" ?>
<!DOCTYPE bulletml SYSTEM "http://www.asahi-net.or.jp/~cs8k-cyu/bulletml/bulletml.dtd">

<bulletml type="vertical"
          xmlns="http://www.asahi-net.or.jp/~cs8k-cyu/bulletml">

<action label="top">
<repeat><times>2+4*$rank</times>
<action>
 <fire>
  <direction>$rand*120-60</direction>
  <bulletRef label="rfRkt"/>
 </fire>
 <wait>40</wait>
</action>
</repeat>
<wait>50</wait>
<vanish/>
</action>

<bullet label="rfRkt">
<speed>0.6</speed>
<action>
<repeat><times>99</times>
<action>
 <wait>7-$rank*4</wait>
 <fire>
  <direction type="sequence">20</direction>
  <speed>0.5</speed>
  <bullet/>
 </fire>
</action>
</repeat>
</action>
</bullet>

</bulletml>
