<?xml version="1.0" ?>
<!DOCTYPE bulletml SYSTEM "http://www.asahi-net.or.jp/~cs8k-cyu/bulletml/bulletml.dtd">

<bulletml type="vertical"
          xmlns="http://www.asahi-net.or.jp/~cs8k-cyu/bulletml">

<action label="top">
<repeat><times>10+$rank*15</times>
<action>
 <fire>
  <direction type="absolute">90</direction>
  <bulletRef label="rocket"/>
 </fire>
 <fire>
  <direction type="absolute">270</direction>
  <bulletRef label="rocket"/>
 </fire>
 <wait>32-$rank*16</wait>
</action>
</repeat>
<vanish/>
</action>

<bullet label="rocket">
<action>
<repeat><times>99</times>
<action>
 <fireRef label="udBlt">
  <param>90</param>
 </fireRef>
 <wait>24-$rank*12</wait>
 <fireRef label="udBlt">
  <param>-90</param>
 </fireRef>
 <wait>24-$rank*12</wait>
</action>
</repeat>
</action>
</bullet>

<fire label="udBlt">
<direction type="relative">$1-25+$rand*50</direction>
<bullet/>
</fire>

</bulletml>
