<?xml version="1.0" ?>
<!DOCTYPE bulletml SYSTEM "http://www.asahi-net.or.jp/~cs8k-cyu/bulletml/bulletml.dtd">

<bulletml type="vertical"
          xmlns="http://www.asahi-net.or.jp/~cs8k-cyu/bulletml">

<action label="top">
<repeat> <times>10+$rank*20</times>
<action>
 <fire>
  <direction type="sequence">180</direction>
  <bulletRef label="firebar">
   <param>90</param>
  </bulletRef> 
 </fire>
 <fire>
  <direction type="sequence">160</direction>
  <bulletRef label="firebar">
   <param>-90</param>
  </bulletRef> 
 </fire>
 <wait>200/(10+$rank*20)</wait>
</action>
</repeat>
<vanish/>
</action>

<bullet label="firebar">
<speed>4</speed>
<action>
 <repeat> <times>2+$rank*4</times>
 <action>
  <wait>1</wait>
  <fire>
   <direction type="relative">$1</direction>
   <bullet>
    <speed>0.5</speed>
   </bullet>
  </fire>
 </action>
 </repeat>
 <vanish/>
</action>
</bullet>

</bulletml>
