<?xml version="1.0" ?>
<!DOCTYPE bulletml SYSTEM "http://www.asahi-net.or.jp/~cs8k-cyu/bulletml/bulletml.dtd">

<bulletml type="vertical"
          xmlns="http://www.asahi-net.or.jp/~cs8k-cyu/bulletml">

<action label="top">
<repeat>
<times>4+$rank*8</times>
<action>
<fire>
<direction>20+$rand*80</direction>
<bulletRef label="cracker">
<param>10-$rand*20</param>
</bulletRef>
</fire>
<fire>
<direction>-20-$rand*80</direction>
<bulletRef label="cracker">
<param>10-$rand*20</param>
</bulletRef>
</fire>
<wait>20+$rank-12</wait>
</action>
</repeat>
<wait>60</wait>
<vanish/>
</action>

<bullet label="cracker">
<speed>0</speed>
<action>
<changeSpeed>
<speed>1</speed>
<term>60</term>
</changeSpeed>
<wait>60+$rand*60</wait>
<fire>
<speed>1</speed>
<bullet/>
</fire>
<repeat>
<times>4</times>
<action>
<fire>
<direction type="sequence">$1</direction>
<speed type="sequence">-0.1</speed>
<bullet/>
</fire>
</action>
</repeat>
<vanish/>
</action>
</bullet>

</bulletml>
